{
    "rouge1": 0.23081157212587408,
    "rouge2": 0.06772736726900114,
    "rougeL": 0.15076321812928145,
    "rougeLsum": 0.15142319665896636,
    "score": 3.5362545423038987,
    "counts": [
        2390,
        583,
        282,
        184
    ],
    "totals": [
        14814,
        14714,
        14614,
        14514
    ],
    "precisions": [
        16.133387336303496,
        3.962212858502107,
        1.9296564937730942,
        1.2677414909742317
    ],
    "bp": 1.0,
    "sys_len": 14814,
    "ref_len": 11835,
    "meteor": 0.15194930894039504,
    "total_time_in_seconds": 104.69101463400148,
    "samples_per_second": 0.9551918123021235,
    "latency_in_seconds": 1.0469101463400148
}