{"rouge1": 0.3228755031354905, "rouge2": 0.11635772329485045, "rougeL": 0.20743401658267796, "rougeLsum": 0.20844936873316597, "score": 8.485477968117847, "counts": [3521, 1189, 615, 396], "totals": [9956, 9856, 9756, 9656], "precisions": [35.36560867818401, 12.063717532467532, 6.303813038130381, 4.1010770505385254], "bp": 0.8280096965793597, "sys_len": 9956, "ref_len": 11835, "meteor": 0.21923639624786495, "total_time_in_seconds": 185.26451280000038, "samples_per_second": 0.5397687797228256, "latency_in_seconds": 1.8526451280000038}