{"rouge1": 0.19490109541455075, "rouge2": 0.015554423501443367, "rougeL": 0.11834913552704965, "rougeLsum": 0.1191443324242798, "score": 0.9677232417148566, "counts": [95, 8, 4, 2], "totals": [920, 915, 910, 905], "precisions": [10.326086956521738, 0.8743169398907104, 0.43956043956043955, 0.22099447513812154], "bp": 1.0, "sys_len": 920, "ref_len": 420, "meteor": 0.14189068795134732, "total_time_in_seconds": 5.153900562999979, "samples_per_second": 0.9701390119737978, "latency_in_seconds": 1.0307801125999958}