{"rouge1": 0.2848838762042719, "rouge2": 0.07205648826757033, "rougeL": 0.17310817611794868, "rougeLsum": 0.17310817611794868, "score": 6.602139540817319, "counts": [148, 41, 19, 12], "totals": [527, 522, 517, 512], "precisions": [28.083491461100568, 7.854406130268199, 3.6750483558994196, 2.34375], "bp": 1.0, "sys_len": 527, "ref_len": 420, "meteor": 0.2219223475399718, "total_time_in_seconds": 9.499231110999972, "samples_per_second": 0.526358390650173, "latency_in_seconds": 1.8998462221999943}