{
    "rouge1": 0.2823846180811129,
    "rouge2": 0.09143631205673154,
    "rougeL": 0.18677754863386126,
    "rougeLsum": 0.18748990694288864,
    "score": 5.419243799064473,
    "counts": [
        2773,
        840,
        422,
        300
    ],
    "totals": [
        7052,
        6952,
        6852,
        6752
    ],
    "precisions": [
        39.32217810550198,
        12.082853855005753,
        6.158785755983654,
        4.443127962085308
    ],
    "bp": 0.5075057156683775,
    "sys_len": 7052,
    "ref_len": 11835,
    "meteor": 0.18184666875014177,
    "total_time_in_seconds": 78.67580341400003,
    "samples_per_second": 1.271038815756223,
    "latency_in_seconds": 0.7867580341400003
}