{"rouge1": 0.29284295596192045, "rouge2": 0.08912342206459853, "rougeL": 0.19251744763069786, "rougeLsum": 0.1920676154274241, "score": 8.069178166628166, "counts": [123, 37, 20, 14], "totals": [360, 355, 350, 345], "precisions": [34.166666666666664, 10.422535211267606, 5.714285714285714, 4.057971014492754], "bp": 0.846481724890614, "sys_len": 360, "ref_len": 420, "meteor": 0.18781942018277742, "total_time_in_seconds": 4.031225708999955, "samples_per_second": 1.2403175512691333, "latency_in_seconds": 0.806245141799991}