{"rouge1": 0.10454002389486261, "rouge2": 0.009587986137851365, "rougeL": 0.07148908439231019, "rougeLsum": 0.07148908439231019, "score": 0.4906090103126663, "counts": [55, 5, 0, 0], "totals": [239, 234, 229, 224], "precisions": [23.01255230125523, 2.1367521367521367, 0.2183406113537118, 0.11160714285714286], "bp": 0.4689204337729079, "sys_len": 239, "ref_len": 420, "meteor": 0.08221908494479294, "total_time_in_seconds": 11.34487879000153, "samples_per_second": 0.440727494101268, "latency_in_seconds": 2.2689757580003063}