{"rouge1": 0.20114109474558867, "rouge2": 0.047675248245648325, "rougeL": 0.13056838060537634, "rougeLsum": 0.13157293077284982, "score": 2.3680505649597805, "counts": [2405, 482, 130, 46], "totals": [8859, 8759, 8659, 8559], "precisions": [27.14753358166836, 5.502911291243293, 1.5013280979327868, 0.5374459633134712], "bp": 0.7146734433849892, "sys_len": 8859, "ref_len": 11835, "meteor": 0.13548885415760067, "total_time_in_seconds": 360.59088805600186, "samples_per_second": 0.2773225927563356, "latency_in_seconds": 3.6059088805600186}