{"rouge1": 0.04986630813273866, "rouge2": 0.008338835035298035, "rougeL": 0.04210683203934791, "rougeLsum": 0.042757834763833685, "score": 3.3188716637552187e-06, "counts": [284, 48, 10, 2], "totals": [797, 709, 629, 552], "precisions": [35.633626097867, 6.770098730606488, 1.589825119236884, 0.36231884057971014], "bp": 9.666441696515115e-07, "sys_len": 797, "ref_len": 11835, "meteor": 0.02186919433124214, "total_time_in_seconds": 70.12061874600477, "samples_per_second": 1.4261140558703023, "latency_in_seconds": 0.7012061874600476}