{"rouge1": 0.039999999999999994, "rouge2": 0.0074074074074074086, "rougeL": 0.039999999999999994, "rougeLsum": 0.039999999999999994, "score": 9.732627248553242e-06, "counts": [3, 0, 0, 0], "totals": [32, 28, 24, 21], "precisions": [9.375, 1.7857142857142858, 1.0416666666666667, 0.5952380952380952], "bp": 5.422248370634153e-06, "sys_len": 32, "ref_len": 420, "meteor": 0.013724770642201836, "total_time_in_seconds": 4.447246378000045, "samples_per_second": 1.1242912074164264, "latency_in_seconds": 0.8894492756000091}