{
    "rouge1": 0.25673855839946336,
    "rouge2": 0.08500489842183939,
    "rougeL": 0.1745540490079793,
    "rougeLsum": 0.17575705078114237,
    "score": 3.2983368621126226,
    "counts": [
        2259,
        600,
        314,
        210
    ],
    "totals": [
        5604,
        5504,
        5404,
        5304
    ],
    "precisions": [
        40.31049250535332,
        10.901162790697674,
        5.810510732790526,
        3.9592760180995477
    ],
    "bp": 0.32893853535207723,
    "sys_len": 5604,
    "ref_len": 11835,
    "meteor": 0.15658937457045988,
    "total_time_in_seconds": 82.095182467001,
    "samples_per_second": 1.2180982731866883,
    "latency_in_seconds": 0.8209518246700099
}