{"rouge1": 0.2546388239357979, "rouge2": 0.07967821490281332, "rougeL": 0.1937184467718368, "rougeLsum": 0.19551418190090528, "score": 5.9073485494430935, "counts": [100, 28, 16, 10], "totals": [297, 292, 287, 282], "precisions": [33.67003367003367, 9.58904109589041, 5.574912891986063, 3.5460992907801416], "bp": 0.6609074829929388, "sys_len": 297, "ref_len": 420, "meteor": 0.17521455223413923, "total_time_in_seconds": 4.995888665998791, "samples_per_second": 1.0008229434793434, "latency_in_seconds": 0.9991777331997581}