{"zero-shot": {"rouge": {"rouge1": 0.15693264514557875, "rouge2": 0.09218295147315243, "rougeL": 0.11664424720813016, "rougeLsum": 0.11664424720813016}, "bleu": {"score": 4.08664325185334}, "meteor": {"meteor": 0.2525013752922213}}, "few-shot": {"rouge": {"rouge1": 0.034343285523381645, "rouge2": 0.02093997323480796, "rougeL": 0.026154794635552536, "rougeLsum": 0.026154794635552536}, "bleu": {"score": 0.6909610199869821}, "meteor": {"meteor": 0.0897718211106176}}}