{"rouge1": 0.2023792517009489, "rouge2": 0.032432134259776445, "rougeL": 0.1558767083762848, "rougeLsum": 0.15644924449376024, "score": 1.4040727513213542, "counts": [3558, 527, 140, 43], "totals": [23365, 23265, 23165, 23065], "precisions": [15.227904986090307, 2.2652052439286483, 0.604360025901144, 0.18642965532191633], "bp": 1.0, "sys_len": 23365, "ref_len": 11835, "meteor": 0.16715630061551331, "total_time_in_seconds": 723.5438693430001, "samples_per_second": 0.13820862042657214, "latency_in_seconds": 7.23543869343}