{"rouge1": 0.17949334480852253, "rouge2": 0.020869797697383903, "rougeL": 0.14755533674413038, "rougeLsum": 0.14550970729030538, "score": 0.610907391781837, "counts": [157, 18, 2, 0], "totals": [1201, 1196, 1191, 1186], "precisions": [13.072439633638634, 1.5050167224080269, 0.16792611251049538, 0.04215851602023609], "bp": 1.0, "sys_len": 1201, "ref_len": 420, "meteor": 0.16588112506227162, "total_time_in_seconds": 37.097917633999714, "samples_per_second": 0.13477845439544486, "latency_in_seconds": 7.419583526799943}