{"rouge1": 0.34569693070551366, "rouge2": 0.12448526191919328, "rougeL": 0.2202756887922168, "rougeLsum": 0.2214697324239218, "score": 9.669273308344998, "counts": [4377, 1487, 796, 564], "totals": [13672, 13572, 13472, 13372], "precisions": [32.0143358689292, 10.95638078396699, 5.90855106888361, 4.217768471432845], "bp": 1.0, "sys_len": 13672, "ref_len": 11835, "meteor": 0.2616065676649548, "total_time_in_seconds": 439.269610219, "samples_per_second": 0.2276506220180916, "latency_in_seconds": 4.39269610219}