{"rouge1": 0.28204007991989555, "rouge2": 0.07298221614227086, "rougeL": 0.19704812987464665, "rougeLsum": 0.19224767178454566, "score": 5.683664795504527, "counts": [152, 39, 19, 14], "totals": [631, 626, 621, 616], "precisions": [24.088748019017434, 6.2300319488817895, 3.0595813204508855, 2.272727272727273], "bp": 1.0, "sys_len": 631, "ref_len": 420, "meteor": 0.20124466669334326, "total_time_in_seconds": 23.79091150299996, "samples_per_second": 0.21016428897100117, "latency_in_seconds": 4.758182300599993}